datum,bundesland_id,bundesland_name,behandlungsgruppe,anzahl_meldebereiche,faelle_covid_aktuell_invasiv_beatmet,faelle_covid_aktuell_nicht_invasiv_beatmet,faelle_covid_aktuell_ecmo
2023-04-11,00,Deutschland,ERWACHSENE,1225,285,110,7
2023-04-23,00,Deutschland,ERWACHSENE,1218,222,83,7
2023-02-23,00,Deutschland,ERWACHSENE,1265,291,143,8
2023-02-22,00,Deutschland,ERWACHSENE,1269,283,121,8
2023-03-09,00,Deutschland,ERWACHSENE,1263,333,182,12
2023-03-17,00,Deutschland,ERWACHSENE,1258,384,196,10
2023-05-02,00,Deutschland,ERWACHSENE,1209,175,64,11
2023-01-09,00,Deutschland,ERWACHSENE,1274,463,190,15
2023-01-22,00,Deutschland,ERWACHSENE,1279,275,79,10
2023-04-04,00,Deutschland,ERWACHSENE,1251,330,159,12
2023-03-15,00,Deutschland,ERWACHSENE,1259,373,191,13
2023-02-13,00,Deutschland,ERWACHSENE,1271,221,99,8
2023-01-23,00,Deutschland,ERWACHSENE,1277,262,76,11
2023-03-06,00,Deutschland,ERWACHSENE,1265,316,190,12
2023-01-29,00,Deutschland,ERWACHSENE,1276,229,65,11
2023-03-08,00,Deutschland,ERWACHSENE,1263,336,189,12
2023-04-26,00,Deutschland,ERWACHSENE,1215,215,66,9
2023-02-18,00,Deutschland,ERWACHSENE,1276,246,106,8
2023-01-27,00,Deutschland,ERWACHSENE,1278,229,76,9
2023-05-01,00,Deutschland,ERWACHSENE,1214,179,69,8
2023-03-28,00,Deutschland,ERWACHSENE,1254,376,182,8
2023-01-25,00,Deutschland,ERWACHSENE,1279,256,76,10
2023-02-16,00,Deutschland,ERWACHSENE,1274,258,98,7
2023-05-03,00,Deutschland,ERWACHSENE,1209,173,65,10
2023-03-01,00,Deutschland,ERWACHSENE,1265,308,161,8
2023-05-05,00,Deutschland,ERWACHSENE,1206,157,66,7
2023-01-03,00,Deutschland,ERWACHSENE,1277,532,233,10
2023-04-09,00,Deutschland,ERWACHSENE,1230,296,128,8
2023-02-10,00,Deutschland,ERWACHSENE,1271,201,93,7
2023-04-27,00,Deutschland,ERWACHSENE,1214,209,68,6
2023-04-29,00,Deutschland,ERWACHSENE,1215,190,68,8
2023-02-07,00,Deutschland,ERWACHSENE,1273,203,82,7
2023-04-21,00,Deutschland,ERWACHSENE,1220,228,93,6
2023-04-15,00,Deutschland,ERWACHSENE,1229,266,97,6
2023-04-24,00,Deutschland,ERWACHSENE,1215,222,83,10
2023-03-07,00,Deutschland,ERWACHSENE,1263,340,185,13
2023-01-26,00,Deutschland,ERWACHSENE,1278,234,76,10
2023-04-07,00,Deutschland,ERWACHSENE,1233,285,135,11
2023-03-10,00,Deutschland,ERWACHSENE,1262,344,176,12
2023-02-02,00,Deutschland,ERWACHSENE,1276,204,76,8
2023-04-14,00,Deutschland,ERWACHSENE,1225,264,97,6
2023-03-13,00,Deutschland,ERWACHSENE,1256,358,191,11
2023-04-06,00,Deutschland,ERWACHSENE,1242,304,140,12
2023-02-08,00,Deutschland,ERWACHSENE,1274,198,104,6
2023-04-16,00,Deutschland,ERWACHSENE,1227,263,97,6
2023-01-20,00,Deutschland,ERWACHSENE,1280,307,92,10
2023-04-02,00,Deutschland,ERWACHSENE,1251,374,165,15
2023-02-01,00,Deutschland,ERWACHSENE,1277,202,81,8
2023-04-13,00,Deutschland,ERWACHSENE,1228,275,109,6
2023-04-10,00,Deutschland,ERWACHSENE,1226,293,113,7
2023-03-24,00,Deutschland,ERWACHSENE,1255,385,205,7
2023-03-23,00,Deutschland,ERWACHSENE,1257,384,208,7
2023-03-27,00,Deutschland,ERWACHSENE,1252,371,182,8
2023-04-25,00,Deutschland,ERWACHSENE,1215,221,72,11
2023-03-14,00,Deutschland,ERWACHSENE,1257,378,183,13
2023-01-30,00,Deutschland,ERWACHSENE,1276,234,77,9
2023-04-28,00,Deutschland,ERWACHSENE,1211,192,67,6
2023-04-17,00,Deutschland,ERWACHSENE,1229,261,98,NA
2023-03-18,00,Deutschland,ERWACHSENE,1260,368,206,10
2023-01-06,00,Deutschland,ERWACHSENE,1273,446,173,10
2023-02-28,00,Deutschland,ERWACHSENE,1268,303,164,8
2023-01-18,00,Deutschland,ERWACHSENE,1279,340,109,11
2023-03-16,00,Deutschland,ERWACHSENE,1260,377,214,13
2023-03-30,00,Deutschland,ERWACHSENE,1256,369,167,14
2023-01-11,00,Deutschland,ERWACHSENE,1281,448,155,13
2023-02-06,00,Deutschland,ERWACHSENE,1273,204,65,7
2023-02-26,00,Deutschland,ERWACHSENE,1266,309,157,8
2023-01-21,00,Deutschland,ERWACHSENE,1280,283,81,10
2023-03-19,00,Deutschland,ERWACHSENE,1255,362,202,9
2023-02-21,00,Deutschland,ERWACHSENE,1271,275,118,7
2023-04-19,00,Deutschland,ERWACHSENE,1227,250,93,7
2023-04-12,00,Deutschland,ERWACHSENE,1227,270,110,6
2023-03-25,00,Deutschland,ERWACHSENE,1256,372,195,8
2023-02-03,00,Deutschland,ERWACHSENE,1276,194,76,9
2023-03-03,00,Deutschland,ERWACHSENE,1265,302,168,9
2023-02-20,00,Deutschland,ERWACHSENE,1273,265,121,8
2023-03-20,00,Deutschland,ERWACHSENE,1257,366,209,8
2023-05-04,00,Deutschland,ERWACHSENE,1208,160,66,7
2023-01-14,00,Deutschland,ERWACHSENE,1281,400,141,11
2023-01-31,00,Deutschland,ERWACHSENE,1275,214,84,9
2023-02-15,00,Deutschland,ERWACHSENE,1274,239,89,7
2023-04-22,00,Deutschland,ERWACHSENE,1217,223,87,6
2023-01-16,00,Deutschland,ERWACHSENE,1276,382,138,12
2023-02-05,00,Deutschland,ERWACHSENE,1276,189,73,8
2023-02-12,00,Deutschland,ERWACHSENE,1268,215,95,8
2023-02-19,00,Deutschland,ERWACHSENE,1274,240,107,9
2023-01-02,00,Deutschland,ERWACHSENE,1274,547,239,12
2023-02-14,00,Deutschland,ERWACHSENE,1272,230,85,7
2023-01-01,00,Deutschland,ERWACHSENE,1276,535,231,12
2023-01-15,00,Deutschland,ERWACHSENE,1277,401,139,13
2023-01-08,00,Deutschland,ERWACHSENE,1271,456,175,12
2023-03-12,00,Deutschland,ERWACHSENE,1259,355,191,10
2023-04-18,00,Deutschland,ERWACHSENE,1226,250,95,7
2023-01-04,00,Deutschland,ERWACHSENE,1278,524,219,12
2023-02-25,00,Deutschland,ERWACHSENE,1266,291,156,8
2023-01-10,00,Deutschland,ERWACHSENE,1279,456,173,13
2023-03-31,00,Deutschland,ERWACHSENE,1256,373,178,14
2023-02-09,00,Deutschland,ERWACHSENE,1273,183,106,7
2023-03-02,00,Deutschland,ERWACHSENE,1265,307,176,9
2023-03-22,00,Deutschland,ERWACHSENE,1256,383,212,7
2023-02-04,00,Deutschland,ERWACHSENE,1278,184,78,8
2023-02-11,00,Deutschland,ERWACHSENE,1271,208,92,8
2023-01-24,00,Deutschland,ERWACHSENE,1279,260,77,12
2023-03-11,00,Deutschland,ERWACHSENE,1263,340,175,10
2023-04-20,00,Deutschland,ERWACHSENE,1226,237,92,6
2023-01-13,00,Deutschland,ERWACHSENE,1281,405,158,12
2023-04-08,00,Deutschland,ERWACHSENE,1233,306,127,8
2023-01-07,00,Deutschland,ERWACHSENE,1272,453,173,13
2023-03-21,00,Deutschland,ERWACHSENE,1253,372,230,6
2023-02-17,00,Deutschland,ERWACHSENE,1274,247,110,7
2023-03-05,00,Deutschland,ERWACHSENE,1264,305,183,12
2023-02-24,00,Deutschland,ERWACHSENE,1263,293,145,9
2023-01-17,00,Deutschland,ERWACHSENE,1277,367,118,12
2023-04-01,00,Deutschland,ERWACHSENE,1255,381,172,17
2023-01-28,00,Deutschland,ERWACHSENE,1277,224,69,11
2023-03-29,00,Deutschland,ERWACHSENE,1256,377,174,10
2023-03-26,00,Deutschland,ERWACHSENE,1255,362,180,7
2023-04-30,00,Deutschland,ERWACHSENE,1215,183,68,8
2023-02-27,00,Deutschland,ERWACHSENE,1268,302,153,10
2023-01-12,00,Deutschland,ERWACHSENE,1281,427,150,11
2023-01-05,00,Deutschland,ERWACHSENE,1277,438,171,9
2023-03-04,00,Deutschland,ERWACHSENE,1264,291,174,11
2023-04-03,00,Deutschland,ERWACHSENE,1248,334,164,14
2023-04-05,00,Deutschland,ERWACHSENE,1243,325,154,11
2023-01-19,00,Deutschland,ERWACHSENE,1278,316,104,11
2020-12-29,00,Deutschland,ERWACHSENE,1339,3067,1058,247
2020-12-26,00,Deutschland,ERWACHSENE,1337,2913,1076,253
2020-12-25,00,Deutschland,ERWACHSENE,1337,2846,1073,250
2020-12-27,00,Deutschland,ERWACHSENE,1337,2957,1109,255
2020-12-18,00,Deutschland,ERWACHSENE,1343,2606,740,169
2020-12-21,00,Deutschland,ERWACHSENE,1341,2688,979,199
2020-12-19,00,Deutschland,ERWACHSENE,1341,2601,892,188
2020-12-30,00,Deutschland,ERWACHSENE,1339,3061,1084,240
2020-12-20,00,Deutschland,ERWACHSENE,1340,2637,929,196
2020-12-28,00,Deutschland,ERWACHSENE,1338,3017,1052,249
2020-12-31,00,Deutschland,ERWACHSENE,1339,3110,1088,252
2020-12-23,00,Deutschland,ERWACHSENE,1337,2807,1015,247
2020-12-22,00,Deutschland,ERWACHSENE,1338,2725,1002,229
2020-12-24,00,Deutschland,ERWACHSENE,1337,2832,1040,249
2022-11-10,00,Deutschland,ERWACHSENE,1288,424,198,12
2022-04-02,00,Deutschland,ERWACHSENE,1324,858,321,78
2022-10-28,00,Deutschland,ERWACHSENE,1294,568,267,10
2022-05-20,00,Deutschland,ERWACHSENE,1312,345,81,29
2022-02-18,00,Deutschland,ERWACHSENE,1324,1163,372,177
2022-07-28,00,Deutschland,ERWACHSENE,1301,479,225,17
2022-01-29,00,Deutschland,ERWACHSENE,1326,1221,305,272
2022-06-10,00,Deutschland,ERWACHSENE,1307,244,71,12
2022-12-31,00,Deutschland,ERWACHSENE,1279,537,231,11
2022-09-24,00,Deutschland,ERWACHSENE,1304,217,109,6
2022-06-05,00,Deutschland,ERWACHSENE,1306,250,51,20
2022-09-27,00,Deutschland,ERWACHSENE,1299,253,106,9
2022-06-09,00,Deutschland,ERWACHSENE,1308,239,75,16
2022-02-01,00,Deutschland,ERWACHSENE,1326,1171,319,246
2022-09-05,00,Deutschland,ERWACHSENE,1301,269,100,9
2022-05-18,00,Deutschland,ERWACHSENE,1315,355,109,32
2022-03-24,00,Deutschland,ERWACHSENE,1321,878,310,86
2022-03-17,00,Deutschland,ERWACHSENE,1320,924,293,104
2022-06-20,00,Deutschland,ERWACHSENE,1303,228,89,15
2022-10-23,00,Deutschland,ERWACHSENE,1295,549,286,13
2022-11-29,00,Deutschland,ERWACHSENE,1290,309,141,12
2022-12-09,00,Deutschland,ERWACHSENE,1283,318,168,7
2022-01-24,00,Deutschland,ERWACHSENE,1326,1384,293,319
2022-04-11,00,Deutschland,ERWACHSENE,1320,756,271,64
2022-05-27,00,Deutschland,ERWACHSENE,1311,282,75,21
2022-09-13,00,Deutschland,ERWACHSENE,1303,246,85,9
2022-07-24,00,Deutschland,ERWACHSENE,1296,431,216,14
2022-03-05,00,Deutschland,ERWACHSENE,1323,914,284,134
2022-01-10,00,Deutschland,ERWACHSENE,1325,1976,509,389
2022-10-01,00,Deutschland,ERWACHSENE,1296,279,148,9
2022-01-05,00,Deutschland,ERWACHSENE,1326,2129,613,401
2022-11-17,00,Deutschland,ERWACHSENE,1289,345,152,12
2022-05-12,00,Deutschland,ERWACHSENE,1320,389,140,32
2022-01-14,00,Deutschland,ERWACHSENE,1325,1737,432,355
2022-10-03,00,Deutschland,ERWACHSENE,1290,310,172,10
2022-01-30,00,Deutschland,ERWACHSENE,1326,1205,313,264
2022-04-12,00,Deutschland,ERWACHSENE,1320,749,275,59
2022-03-19,00,Deutschland,ERWACHSENE,1320,908,313,97
2022-05-29,00,Deutschland,ERWACHSENE,1314,258,60,20
2022-03-07,00,Deutschland,ERWACHSENE,1324,931,286,131
2022-03-09,00,Deutschland,ERWACHSENE,1322,939,285,131
2022-08-15,00,Deutschland,ERWACHSENE,1303,430,152,13
2022-12-01,00,Deutschland,ERWACHSENE,1288,293,149,12
2022-11-27,00,Deutschland,ERWACHSENE,1288,327,141,14
2022-01-23,00,Deutschland,ERWACHSENE,1326,1424,298,328
2022-08-25,00,Deutschland,ERWACHSENE,1304,331,128,13
2022-08-30,00,Deutschland,ERWACHSENE,1301,305,129,11
2022-11-02,00,Deutschland,ERWACHSENE,1299,514,238,10
2022-08-01,00,Deutschland,ERWACHSENE,1299,487,213,15
2022-06-01,00,Deutschland,ERWACHSENE,1311,265,78,22
2022-04-22,00,Deutschland,ERWACHSENE,1322,625,207,51
2022-04-17,00,Deutschland,ERWACHSENE,1319,699,242,52
2022-09-11,00,Deutschland,ERWACHSENE,1298,239,96,11
2022-11-26,00,Deutschland,ERWACHSENE,1287,318,138,13
2022-07-29,00,Deutschland,ERWACHSENE,1300,473,228,16
2022-12-25,00,Deutschland,ERWACHSENE,1283,488,202,9
2022-05-05,00,Deutschland,ERWACHSENE,1319,452,142,36
2022-11-25,00,Deutschland,ERWACHSENE,1287,320,136,14
2022-09-12,00,Deutschland,ERWACHSENE,1301,250,88,12
2022-04-14,00,Deutschland,ERWACHSENE,1318,709,257,56
2022-03-04,00,Deutschland,ERWACHSENE,1323,923,285,136
2022-12-28,00,Deutschland,ERWACHSENE,1282,511,231,8
2022-07-05,00,Deutschland,ERWACHSENE,1303,306,145,14
2022-03-20,00,Deutschland,ERWACHSENE,1320,895,302,95
2022-07-16,00,Deutschland,ERWACHSENE,1302,384,185,17
2022-11-28,00,Deutschland,ERWACHSENE,1289,325,141,12
2022-10-14,00,Deutschland,ERWACHSENE,1295,489,264,18
2022-08-11,00,Deutschland,ERWACHSENE,1301,429,178,17
2022-10-22,00,Deutschland,ERWACHSENE,1291,557,301,12
2022-08-27,00,Deutschland,ERWACHSENE,1306,328,120,12
2022-06-14,00,Deutschland,ERWACHSENE,1308,239,76,13
2022-10-12,00,Deutschland,ERWACHSENE,1298,462,262,17
2022-07-21,00,Deutschland,ERWACHSENE,1297,429,206,13
2022-05-28,00,Deutschland,ERWACHSENE,1314,269,62,22
2022-07-31,00,Deutschland,ERWACHSENE,1296,475,214,14
2022-02-24,00,Deutschland,ERWACHSENE,1324,1046,336,162
2022-06-26,00,Deutschland,ERWACHSENE,1303,262,104,10
2022-02-02,00,Deutschland,ERWACHSENE,1326,1168,318,240
2022-07-01,00,Deutschland,ERWACHSENE,1308,286,139,14
2022-02-25,00,Deutschland,ERWACHSENE,1324,1021,336,156
2022-09-14,00,Deutschland,ERWACHSENE,1305,255,84,10
2022-06-18,00,Deutschland,ERWACHSENE,1306,229,78,15
2022-12-07,00,Deutschland,ERWACHSENE,1284,313,156,8
2022-03-14,00,Deutschland,ERWACHSENE,1323,908,313,111
2022-08-12,00,Deutschland,ERWACHSENE,1300,419,167,15
2022-07-11,00,Deutschland,ERWACHSENE,1300,378,162,14
2022-10-29,00,Deutschland,ERWACHSENE,1295,552,277,9
2022-09-29,00,Deutschland,ERWACHSENE,1299,277,127,10
2022-04-04,00,Deutschland,ERWACHSENE,1325,847,335,70
2022-02-11,00,Deutschland,ERWACHSENE,1325,1156,376,209
2022-09-19,00,Deutschland,ERWACHSENE,1302,229,68,NA
2022-12-12,00,Deutschland,ERWACHSENE,1284,354,180,9
2022-02-28,00,Deutschland,ERWACHSENE,1323,1006,358,152
2022-06-12,00,Deutschland,ERWACHSENE,1306,236,74,12
2022-02-06,00,Deutschland,ERWACHSENE,1324,1143,342,228
2022-12-14,00,Deutschland,ERWACHSENE,1285,385,176,11
2022-11-11,00,Deutschland,ERWACHSENE,1289,424,196,13
2022-02-15,00,Deutschland,ERWACHSENE,1324,1166,383,190
2022-02-22,00,Deutschland,ERWACHSENE,1324,1104,364,174
2022-03-22,00,Deutschland,ERWACHSENE,1320,888,321,91
2022-08-13,00,Deutschland,ERWACHSENE,1302,422,163,15
2022-04-29,00,Deutschland,ERWACHSENE,1319,543,164,45
2022-05-07,00,Deutschland,ERWACHSENE,1318,436,132,32
2022-12-19,00,Deutschland,ERWACHSENE,1283,425,170,9
2022-10-30,00,Deutschland,ERWACHSENE,1293,554,263,10
2022-05-09,00,Deutschland,ERWACHSENE,1319,416,138,33
2022-05-11,00,Deutschland,ERWACHSENE,1319,387,139,34
2022-04-25,00,Deutschland,ERWACHSENE,1318,613,197,47
2022-06-22,00,Deutschland,ERWACHSENE,1305,244,86,13
2022-01-11,00,Deutschland,ERWACHSENE,1325,1907,504,371
2022-08-26,00,Deutschland,ERWACHSENE,1304,326,127,12
2022-11-01,00,Deutschland,ERWACHSENE,1298,546,265,11
2022-12-21,00,Deutschland,ERWACHSENE,1284,448,193,9
2022-11-13,00,Deutschland,ERWACHSENE,1287,405,182,11
2022-09-09,00,Deutschland,ERWACHSENE,1298,249,98,11
2022-09-16,00,Deutschland,ERWACHSENE,1301,238,75,8
2022-07-25,00,Deutschland,ERWACHSENE,1297,456,228,14
2022-09-04,00,Deutschland,ERWACHSENE,1301,280,95,8
2022-12-23,00,Deutschland,ERWACHSENE,1284,461,203,7
2022-05-17,00,Deutschland,ERWACHSENE,1315,375,113,30
2022-12-05,00,Deutschland,ERWACHSENE,1287,323,158,8
2022-07-08,00,Deutschland,ERWACHSENE,1299,318,140,14
2022-02-09,00,Deutschland,ERWACHSENE,1326,1153,389,211
2022-05-26,00,Deutschland,ERWACHSENE,1313,290,81,22
2022-08-23,00,Deutschland,ERWACHSENE,1305,351,131,11
2022-07-26,00,Deutschland,ERWACHSENE,1302,485,234,15
2022-06-29,00,Deutschland,ERWACHSENE,1308,281,120,11
2022-03-26,00,Deutschland,ERWACHSENE,1321,878,325,79
2022-10-24,00,Deutschland,ERWACHSENE,1295,569,288,12
2022-01-15,00,Deutschland,ERWACHSENE,1326,1701,416,358
2022-08-24,00,Deutschland,ERWACHSENE,1306,331,132,12
2022-03-06,00,Deutschland,ERWACHSENE,1323,921,297,135
2022-04-26,00,Deutschland,ERWACHSENE,1319,594,190,49
2022-12-03,00,Deutschland,ERWACHSENE,1283,299,147,11
2022-05-04,00,Deutschland,ERWACHSENE,1319,462,152,39
2022-06-25,00,Deutschland,ERWACHSENE,1304,241,100,10
2022-02-13,00,Deutschland,ERWACHSENE,1324,1142,386,203
2022-07-19,00,Deutschland,ERWACHSENE,1304,409,195,13
2022-04-16,00,Deutschland,ERWACHSENE,1318,691,251,52
2022-08-29,00,Deutschland,ERWACHSENE,1302,314,127,11
2022-08-19,00,Deutschland,ERWACHSENE,1301,373,150,13
2022-03-28,00,Deutschland,ERWACHSENE,1322,898,310,79
2022-10-13,00,Deutschland,ERWACHSENE,1297,465,250,16
2022-02-27,00,Deutschland,ERWACHSENE,1322,1020,352,155
2022-11-14,00,Deutschland,ERWACHSENE,1289,394,178,14
2022-09-08,00,Deutschland,ERWACHSENE,1299,268,87,12
2022-09-17,00,Deutschland,ERWACHSENE,1301,234,75,7
2022-05-31,00,Deutschland,ERWACHSENE,1312,267,73,20
2022-04-24,00,Deutschland,ERWACHSENE,1319,632,197,48
2022-10-10,00,Deutschland,ERWACHSENE,1295,444,231,16
2022-10-07,00,Deutschland,ERWACHSENE,1290,387,214,14
2022-11-06,00,Deutschland,ERWACHSENE,1296,467,224,10
2022-03-29,00,Deutschland,ERWACHSENE,1323,909,307,79
2022-10-18,00,Deutschland,ERWACHSENE,1296,558,260,14
2022-05-08,00,Deutschland,ERWACHSENE,1319,437,141,30
2022-03-10,00,Deutschland,ERWACHSENE,1323,900,305,128
2022-10-05,00,Deutschland,ERWACHSENE,1293,358,196,12
2022-12-18,00,Deutschland,ERWACHSENE,1283,413,187,8
2022-08-21,00,Deutschland,ERWACHSENE,1303,363,157,13
2022-07-17,00,Deutschland,ERWACHSENE,1301,392,188,15
2022-06-06,00,Deutschland,ERWACHSENE,1303,259,57,19
2022-02-12,00,Deutschland,ERWACHSENE,1325,1132,395,203
2022-11-09,00,Deutschland,ERWACHSENE,1290,454,193,13
2022-01-04,00,Deutschland,ERWACHSENE,1325,2169,656,410
2022-04-20,00,Deutschland,ERWACHSENE,1321,698,213,45
2022-05-10,00,Deutschland,ERWACHSENE,1319,404,129,29
2022-03-08,00,Deutschland,ERWACHSENE,1322,944,290,133
2022-03-11,00,Deutschland,ERWACHSENE,1322,899,303,119
2022-04-06,00,Deutschland,ERWACHSENE,1323,821,295,66
2022-01-08,00,Deutschland,ERWACHSENE,1324,1977,592,386
2022-12-29,00,Deutschland,ERWACHSENE,1281,510,244,9
2022-06-08,00,Deutschland,ERWACHSENE,1304,250,63,16
2022-05-21,00,Deutschland,ERWACHSENE,1311,327,84,31
2022-11-07,00,Deutschland,ERWACHSENE,1295,466,212,12
2022-02-19,00,Deutschland,ERWACHSENE,1324,1138,375,176
2022-02-23,00,Deutschland,ERWACHSENE,1324,1079,351,171
2022-03-12,00,Deutschland,ERWACHSENE,1321,894,288,113
2022-07-30,00,Deutschland,ERWACHSENE,1296,486,200,14
2022-01-17,00,Deutschland,ERWACHSENE,1326,1643,405,355
2022-04-23,00,Deutschland,ERWACHSENE,1321,636,208,48
2022-11-16,00,Deutschland,ERWACHSENE,1289,362,165,13
2022-04-21,00,Deutschland,ERWACHSENE,1321,654,211,44
2022-10-08,00,Deutschland,ERWACHSENE,1290,412,207,15
2022-06-03,00,Deutschland,ERWACHSENE,1310,261,59,24
2022-11-21,00,Deutschland,ERWACHSENE,1287,320,138,17
2022-01-03,00,Deutschland,ERWACHSENE,1325,2210,680,418
2022-03-13,00,Deutschland,ERWACHSENE,1322,896,301,112
2022-04-08,00,Deutschland,ERWACHSENE,1324,772,293,68
2022-09-15,00,Deutschland,ERWACHSENE,1305,259,79,9
2022-01-18,00,Deutschland,ERWACHSENE,1325,1629,362,353
2022-08-18,00,Deutschland,ERWACHSENE,1304,396,150,15
2022-05-30,00,Deutschland,ERWACHSENE,1313,256,72,20
2022-05-03,00,Deutschland,ERWACHSENE,1319,474,164,39
2022-11-15,00,Deutschland,ERWACHSENE,1289,368,176,17
2022-10-06,00,Deutschland,ERWACHSENE,1292,374,225,13
2022-12-10,00,Deutschland,ERWACHSENE,1285,318,167,8
2022-09-30,00,Deutschland,ERWACHSENE,1297,275,144,11
2022-11-05,00,Deutschland,ERWACHSENE,1297,473,226,10
2022-12-06,00,Deutschland,ERWACHSENE,1286,327,172,9
2022-04-18,00,Deutschland,ERWACHSENE,1318,692,241,48
2022-01-22,00,Deutschland,ERWACHSENE,1326,1422,295,328
2022-08-02,00,Deutschland,ERWACHSENE,1300,470,207,13
2022-01-13,00,Deutschland,ERWACHSENE,1325,1777,469,359
2022-12-15,00,Deutschland,ERWACHSENE,1282,383,184,11
2022-09-03,00,Deutschland,ERWACHSENE,1301,269,94,9
2022-11-20,00,Deutschland,ERWACHSENE,1288,317,145,17
2022-07-07,00,Deutschland,ERWACHSENE,1299,322,133,18
2022-12-02,00,Deutschland,ERWACHSENE,1285,296,147,12
2022-08-28,00,Deutschland,ERWACHSENE,1303,321,124,13
2022-10-16,00,Deutschland,ERWACHSENE,1290,516,255,16
2022-09-20,00,Deutschland,ERWACHSENE,1304,219,90,NA
2022-07-02,00,Deutschland,ERWACHSENE,1305,297,127,15
2022-05-24,00,Deutschland,ERWACHSENE,1313,319,69,23
2022-04-01,00,Deutschland,ERWACHSENE,1320,872,320,76
2022-12-11,00,Deutschland,ERWACHSENE,1284,316,169,8
2022-10-02,00,Deutschland,ERWACHSENE,1293,294,158,11
2022-06-17,00,Deutschland,ERWACHSENE,1305,237,76,15
2022-04-28,00,Deutschland,ERWACHSENE,1318,564,161,44
2022-06-07,00,Deutschland,ERWACHSENE,1302,250,65,18
2022-10-31,00,Deutschland,ERWACHSENE,1296,555,268,9
2022-12-17,00,Deutschland,ERWACHSENE,1283,406,183,8
2022-09-07,00,Deutschland,ERWACHSENE,1300,265,95,10
2022-09-26,00,Deutschland,ERWACHSENE,1299,234,108,8
2022-08-17,00,Deutschland,ERWACHSENE,1303,389,147,17
2022-10-27,00,Deutschland,ERWACHSENE,1296,551,265,12
2022-10-11,00,Deutschland,ERWACHSENE,1297,460,250,17
2022-06-15,00,Deutschland,ERWACHSENE,1309,229,81,13
2022-04-27,00,Deutschland,ERWACHSENE,1319,581,171,46
2022-12-27,00,Deutschland,ERWACHSENE,1281,530,232,9
2022-10-09,00,Deutschland,ERWACHSENE,1291,414,223,14
2022-05-22,00,Deutschland,ERWACHSENE,1309,318,89,30
2022-02-21,00,Deutschland,ERWACHSENE,1324,1125,386,174
2022-08-20,00,Deutschland,ERWACHSENE,1301,362,145,14
2022-07-20,00,Deutschland,ERWACHSENE,1303,419,187,15
2022-02-17,00,Deutschland,ERWACHSENE,1325,1169,374,184
2022-04-15,00,Deutschland,ERWACHSENE,1316,710,267,52
2022-02-16,00,Deutschland,ERWACHSENE,1325,1159,385,185
2022-05-15,00,Deutschland,ERWACHSENE,1317,377,124,32
2022-03-31,00,Deutschland,ERWACHSENE,1321,871,325,82
2022-01-09,00,Deutschland,ERWACHSENE,1325,1976,578,384
2022-05-23,00,Deutschland,ERWACHSENE,1311,309,83,25
2022-03-03,00,Deutschland,ERWACHSENE,1323,940,312,140
2022-07-06,00,Deutschland,ERWACHSENE,1302,302,153,16
2022-11-08,00,Deutschland,ERWACHSENE,1292,466,195,11
2022-03-30,00,Deutschland,ERWACHSENE,1323,876,330,80
2022-07-18,00,Deutschland,ERWACHSENE,1302,397,201,12
2022-04-19,00,Deutschland,ERWACHSENE,1320,689,247,45
2022-10-21,00,Deutschland,ERWACHSENE,1292,565,283,15
2022-07-15,00,Deutschland,ERWACHSENE,1301,380,175,17
2022-11-18,00,Deutschland,ERWACHSENE,1290,353,152,14
2022-08-06,00,Deutschland,ERWACHSENE,1298,458,208,14
2022-05-13,00,Deutschland,ERWACHSENE,1318,391,134,34
2022-06-28,00,Deutschland,ERWACHSENE,1306,294,134,11
2022-12-13,00,Deutschland,ERWACHSENE,1286,363,187,12
2022-12-04,00,Deutschland,ERWACHSENE,1283,312,145,11
2022-10-15,00,Deutschland,ERWACHSENE,1290,511,258,16
2022-01-12,00,Deutschland,ERWACHSENE,1325,1826,495,367
2022-04-07,00,Deutschland,ERWACHSENE,1324,801,288,66
2022-01-25,00,Deutschland,ERWACHSENE,1325,1346,298,306
2022-06-11,00,Deutschland,ERWACHSENE,1306,231,72,13
2022-11-12,00,Deutschland,ERWACHSENE,1289,421,189,12
2022-02-03,00,Deutschland,ERWACHSENE,1325,1139,324,237
2022-05-25,00,Deutschland,ERWACHSENE,1314,307,75,22
2022-04-05,00,Deutschland,ERWACHSENE,1324,823,304,68
2022-07-04,00,Deutschland,ERWACHSENE,1302,302,133,11
2022-08-31,00,Deutschland,ERWACHSENE,1300,295,118,10
2022-07-14,00,Deutschland,ERWACHSENE,1300,372,178,15
2022-10-25,00,Deutschland,ERWACHSENE,1298,564,286,13
2022-09-02,00,Deutschland,ERWACHSENE,1299,269,118,9
2022-06-13,00,Deutschland,ERWACHSENE,1307,238,83,12
2022-03-01,00,Deutschland,ERWACHSENE,1324,955,369,147
2022-12-26,00,Deutschland,ERWACHSENE,1281,514,215,10
2022-12-20,00,Deutschland,ERWACHSENE,1283,441,161,10
2022-01-16,00,Deutschland,ERWACHSENE,1326,1674,410,360
2022-08-05,00,Deutschland,ERWACHSENE,1300,446,210,14
2022-09-28,00,Deutschland,ERWACHSENE,1299,261,114,10
2022-09-21,00,Deutschland,ERWACHSENE,1303,215,103,NA
2022-06-21,00,Deutschland,ERWACHSENE,1305,231,104,14
2022-05-06,00,Deutschland,ERWACHSENE,1318,441,135,35
2022-10-26,00,Deutschland,ERWACHSENE,1297,563,277,11
2022-09-22,00,Deutschland,ERWACHSENE,1304,217,116,NA
2022-04-13,00,Deutschland,ERWACHSENE,1321,732,261,57
2022-05-01,00,Deutschland,ERWACHSENE,1318,502,180,43
2022-07-03,00,Deutschland,ERWACHSENE,1302,298,144,14
2022-06-02,00,Deutschland,ERWACHSENE,1309,270,66,23
2022-01-31,00,Deutschland,ERWACHSENE,1326,1196,332,253
2022-08-09,00,Deutschland,ERWACHSENE,1301,437,208,18
2022-06-19,00,Deutschland,ERWACHSENE,1305,235,85,15
2022-01-21,00,Deutschland,ERWACHSENE,1326,1444,321,337
2022-02-14,00,Deutschland,ERWACHSENE,1324,1152,380,194
2022-12-22,00,Deutschland,ERWACHSENE,1284,450,198,8
2022-04-03,00,Deutschland,ERWACHSENE,1325,842,330,73
2022-11-22,00,Deutschland,ERWACHSENE,1287,323,136,18
2022-02-10,00,Deutschland,ERWACHSENE,1325,1164,378,207
2022-01-20,00,Deutschland,ERWACHSENE,1325,1508,317,338
2022-03-25,00,Deutschland,ERWACHSENE,1321,854,322,81
2022-05-19,00,Deutschland,ERWACHSENE,1315,350,96,31
2022-05-02,00,Deutschland,ERWACHSENE,1318,493,170,42
2022-09-10,00,Deutschland,ERWACHSENE,1300,241,93,12
2022-04-30,00,Deutschland,ERWACHSENE,1320,516,176,44
2022-11-04,00,Deutschland,ERWACHSENE,1298,490,228,10
2022-11-23,00,Deutschland,ERWACHSENE,1288,319,138,17
2022-06-23,00,Deutschland,ERWACHSENE,1305,257,100,13
2022-08-04,00,Deutschland,ERWACHSENE,1302,465,221,15
2022-08-22,00,Deutschland,ERWACHSENE,1302,356,148,13
2022-08-16,00,Deutschland,ERWACHSENE,1303,411,143,15
2022-02-07,00,Deutschland,ERWACHSENE,1324,1171,368,223
2022-02-04,00,Deutschland,ERWACHSENE,1325,1133,344,234
2022-07-23,00,Deutschland,ERWACHSENE,1294,444,202,13
2022-03-27,00,Deutschland,ERWACHSENE,1320,896,316,81
2022-07-12,00,Deutschland,ERWACHSENE,1300,382,171,13
2022-09-23,00,Deutschland,ERWACHSENE,1302,215,120,NA
2022-12-24,00,Deutschland,ERWACHSENE,1285,471,212,7
2022-10-04,00,Deutschland,ERWACHSENE,1292,341,184,12
2022-09-01,00,Deutschland,ERWACHSENE,1299,277,116,9
2022-07-13,00,Deutschland,ERWACHSENE,1303,386,185,13
2022-11-30,00,Deutschland,ERWACHSENE,1291,308,157,12
2022-03-15,00,Deutschland,ERWACHSENE,1321,924,325,109
2022-03-16,00,Deutschland,ERWACHSENE,1321,928,300,105
2022-08-07,00,Deutschland,ERWACHSENE,1299,449,195,16
2022-08-08,00,Deutschland,ERWACHSENE,1302,448,212,15
2022-01-01,00,Deutschland,ERWACHSENE,1324,2238,701,425
2022-05-14,00,Deutschland,ERWACHSENE,1318,380,126,32
2022-12-08,00,Deutschland,ERWACHSENE,1284,296,153,8
2022-01-19,00,Deutschland,ERWACHSENE,1325,1538,356,348
2022-02-20,00,Deutschland,ERWACHSENE,1324,1120,361,175
2022-06-24,00,Deutschland,ERWACHSENE,1304,244,109,12
2022-06-16,00,Deutschland,ERWACHSENE,1308,238,70,15
2022-06-27,00,Deutschland,ERWACHSENE,1305,287,124,13
2022-01-26,00,Deutschland,ERWACHSENE,1326,1308,308,304
2022-04-09,00,Deutschland,ERWACHSENE,1323,758,288,67
2022-05-16,00,Deutschland,ERWACHSENE,1317,376,120,33
2022-01-06,00,Deutschland,ERWACHSENE,1325,2088,602,394
2022-11-24,00,Deutschland,ERWACHSENE,1289,327,126,15
2022-04-10,00,Deutschland,ERWACHSENE,1321,751,278,67
2022-03-23,00,Deutschland,ERWACHSENE,1320,888,302,88
2022-08-10,00,Deutschland,ERWACHSENE,1300,443,192,17
2022-12-30,00,Deutschland,ERWACHSENE,1281,536,235,9
2022-12-16,00,Deutschland,ERWACHSENE,1283,405,187,8
2022-11-19,00,Deutschland,ERWACHSENE,1289,327,143,14
2022-08-03,00,Deutschland,ERWACHSENE,1301,458,213,13
2022-07-09,00,Deutschland,ERWACHSENE,1300,327,150,14
2022-03-18,00,Deutschland,ERWACHSENE,1319,916,303,104
2022-06-04,00,Deutschland,ERWACHSENE,1308,259,50,23
2022-09-25,00,Deutschland,ERWACHSENE,1300,219,109,6
2022-02-26,00,Deutschland,ERWACHSENE,1323,1028,335,158
2022-03-02,00,Deutschland,ERWACHSENE,1323,949,340,146
2022-07-10,00,Deutschland,ERWACHSENE,1302,335,158,15
2022-06-30,00,Deutschland,ERWACHSENE,1308,283,128,11
2022-09-18,00,Deutschland,ERWACHSENE,1302,229,73,NA
2022-01-07,00,Deutschland,ERWACHSENE,1324,2024,583,394
2022-03-21,00,Deutschland,ERWACHSENE,1320,882,318,95
2022-02-08,00,Deutschland,ERWACHSENE,1326,1166,371,221
2022-01-02,00,Deutschland,ERWACHSENE,1325,2216,705,424
2022-01-27,00,Deutschland,ERWACHSENE,1326,1277,307,289
2022-11-03,00,Deutschland,ERWACHSENE,1300,513,225,10
2022-10-19,00,Deutschland,ERWACHSENE,1296,571,285,15
2022-10-17,00,Deutschland,ERWACHSENE,1292,551,252,14
2022-08-14,00,Deutschland,ERWACHSENE,1300,426,156,14
2022-10-20,00,Deutschland,ERWACHSENE,1294,567,273,14
2022-09-06,00,Deutschland,ERWACHSENE,1302,275,104,13
2022-07-27,00,Deutschland,ERWACHSENE,1302,497,246,15
2022-07-22,00,Deutschland,ERWACHSENE,1294,433,212,13
2022-02-05,00,Deutschland,ERWACHSENE,1325,1147,352,232
2022-01-28,00,Deutschland,ERWACHSENE,1326,1248,291,281
2021-10-20,00,Deutschland,ERWACHSENE,1312,816,289,180
2021-03-04,00,Deutschland,ERWACHSENE,1333,1593,450,193
2021-12-10,00,Deutschland,ERWACHSENE,1322,2693,1054,393
2021-04-07,00,Deutschland,ERWACHSENE,1332,2481,927,317
2021-01-28,00,Deutschland,ERWACHSENE,1333,2484,768,275
2021-03-23,00,Deutschland,ERWACHSENE,1333,1704,662,218
2021-04-19,00,Deutschland,ERWACHSENE,1330,2746,1048,371
2021-04-02,00,Deutschland,ERWACHSENE,1330,2149,788,276
2021-11-14,00,Deutschland,ERWACHSENE,1320,1551,717,255
2021-06-10,00,Deutschland,ERWACHSENE,1326,997,149,245
2021-12-21,00,Deutschland,ERWACHSENE,1326,2631,877,416
2021-05-08,00,Deutschland,ERWACHSENE,1333,2796,845,438
2021-03-05,00,Deutschland,ERWACHSENE,1332,1581,445,199
2021-08-23,00,Deutschland,ERWACHSENE,1309,361,159,85
2021-01-14,00,Deutschland,ERWACHSENE,1333,2940,915,307
2021-10-12,00,Deutschland,ERWACHSENE,1313,767,243,186
2021-07-06,00,Deutschland,ERWACHSENE,1324,325,35,96
2021-10-10,00,Deutschland,ERWACHSENE,1313,746,241,190
2021-09-16,00,Deutschland,ERWACHSENE,1314,837,325,195
2021-08-08,00,Deutschland,ERWACHSENE,1313,199,96,46
2021-01-09,00,Deutschland,ERWACHSENE,1337,3062,1010,306
2021-03-22,00,Deutschland,ERWACHSENE,1333,1679,652,220
2021-12-06,00,Deutschland,ERWACHSENE,1324,2651,1098,387
2021-12-20,00,Deutschland,ERWACHSENE,1326,2656,910,421
2021-03-21,00,Deutschland,ERWACHSENE,1333,1649,611,208
2021-09-15,00,Deutschland,ERWACHSENE,1314,809,315,183
2021-08-01,00,Deutschland,ERWACHSENE,1310,185,58,39
2021-02-21,00,Deutschland,ERWACHSENE,1332,1736,469,224
2021-04-18,00,Deutschland,ERWACHSENE,1330,2725,1005,368
2021-04-11,00,Deutschland,ERWACHSENE,1333,2606,932,348
2021-10-03,00,Deutschland,ERWACHSENE,1313,792,206,204
2021-09-11,00,Deutschland,ERWACHSENE,1314,759,315,177
2021-11-04,00,Deutschland,ERWACHSENE,1316,1210,550,208
2021-02-19,00,Deutschland,ERWACHSENE,1332,1761,479,218
2021-08-17,00,Deutschland,ERWACHSENE,1310,272,115,57
2021-02-13,00,Deutschland,ERWACHSENE,1335,1934,565,232
2021-03-27,00,Deutschland,ERWACHSENE,1333,1835,697,244
2021-11-15,00,Deutschland,ERWACHSENE,1321,1604,758,258
2021-01-31,00,Deutschland,ERWACHSENE,1333,2336,784,276
2021-09-19,00,Deutschland,ERWACHSENE,1312,825,302,194
2021-08-09,00,Deutschland,ERWACHSENE,1313,212,91,46
2021-04-04,00,Deutschland,ERWACHSENE,1330,2227,867,287
2021-03-14,00,Deutschland,ERWACHSENE,1333,1552,511,218
2021-12-02,00,Deutschland,ERWACHSENE,1323,2504,1127,355
2021-12-31,00,Deutschland,ERWACHSENE,1324,2273,689,416
2021-09-03,00,Deutschland,ERWACHSENE,1316,601,257,151
2021-02-27,00,Deutschland,ERWACHSENE,1332,1654,460,208
2021-06-28,00,Deutschland,ERWACHSENE,1324,481,40,141
2021-02-20,00,Deutschland,ERWACHSENE,1332,1752,478,221
2021-01-07,00,Deutschland,ERWACHSENE,1338,3094,1015,320
2021-09-05,00,Deutschland,ERWACHSENE,1315,632,273,157
2021-04-16,00,Deutschland,ERWACHSENE,1330,2704,935,367
2021-08-07,00,Deutschland,ERWACHSENE,1312,202,78,47
2021-03-28,00,Deutschland,ERWACHSENE,1332,1871,705,242
2021-12-27,00,Deutschland,ERWACHSENE,1326,2436,790,420
2021-06-08,00,Deutschland,ERWACHSENE,1325,1097,175,248
2021-06-27,00,Deutschland,ERWACHSENE,1323,481,46,147
2021-09-27,00,Deutschland,ERWACHSENE,1315,809,244,212
2021-03-30,00,Deutschland,ERWACHSENE,1333,1975,754,256
2021-08-29,00,Deutschland,ERWACHSENE,1310,483,221,125
2021-08-22,00,Deutschland,ERWACHSENE,1309,336,137,75
2021-08-21,00,Deutschland,ERWACHSENE,1310,311,136,72
2021-06-09,00,Deutschland,ERWACHSENE,1325,1042,164,245
2021-04-29,00,Deutschland,ERWACHSENE,1331,2925,1024,432
2021-12-30,00,Deutschland,ERWACHSENE,1324,2299,722,418
2021-11-18,00,Deutschland,ERWACHSENE,1323,1729,832,267
2021-06-17,00,Deutschland,ERWACHSENE,1326,747,92,204
2021-07-26,00,Deutschland,ERWACHSENE,1311,193,46,48
2021-03-26,00,Deutschland,ERWACHSENE,1333,1816,667,239
2021-09-28,00,Deutschland,ERWACHSENE,1315,806,260,217
2021-01-25,00,Deutschland,ERWACHSENE,1334,2628,774,275
2021-08-27,00,Deutschland,ERWACHSENE,1310,446,185,111
2021-09-29,00,Deutschland,ERWACHSENE,1315,785,252,215
2021-01-30,00,Deutschland,ERWACHSENE,1333,2392,761,274
2021-08-18,00,Deutschland,ERWACHSENE,1311,278,130,63
2021-07-29,00,Deutschland,ERWACHSENE,1311,187,44,44
2021-04-03,00,Deutschland,ERWACHSENE,1330,2169,806,281
2021-02-04,00,Deutschland,ERWACHSENE,1334,2299,710,271
2021-05-04,00,Deutschland,ERWACHSENE,1332,2929,953,449
2021-01-05,00,Deutschland,ERWACHSENE,1339,3178,1050,308
2021-04-14,00,Deutschland,ERWACHSENE,1332,2649,964,344
2021-06-23,00,Deutschland,ERWACHSENE,1323,581,54,165
2021-12-01,00,Deutschland,ERWACHSENE,1323,2429,1117,349
2021-06-11,00,Deutschland,ERWACHSENE,1326,949,135,242
2021-08-28,00,Deutschland,ERWACHSENE,1310,476,202,121
2021-09-22,00,Deutschland,ERWACHSENE,1316,820,270,209
2021-04-26,00,Deutschland,ERWACHSENE,1332,2904,1053,411
2021-07-21,00,Deutschland,ERWACHSENE,1315,204,43,62
2021-06-14,00,Deutschland,ERWACHSENE,1326,866,115,222
2021-09-10,00,Deutschland,ERWACHSENE,1313,741,308,170
2021-05-01,00,Deutschland,ERWACHSENE,1333,2924,1009,447
2021-02-07,00,Deutschland,ERWACHSENE,1334,2200,648,266
2021-07-14,00,Deutschland,ERWACHSENE,1319,258,30,78
2021-12-29,00,Deutschland,ERWACHSENE,1325,2355,739,421
2021-03-08,00,Deutschland,ERWACHSENE,1331,1598,505,207
2021-11-10,00,Deutschland,ERWACHSENE,1317,1401,617,233
2021-07-24,00,Deutschland,ERWACHSENE,1311,192,47,48
2021-05-05,00,Deutschland,ERWACHSENE,1333,2879,915,438
2021-05-10,00,Deutschland,ERWACHSENE,1333,2747,806,421
2021-11-23,00,Deutschland,ERWACHSENE,1323,2035,960,286
2021-01-08,00,Deutschland,ERWACHSENE,1337,3065,1023,316
2021-05-22,00,Deutschland,ERWACHSENE,1331,2116,510,368
2021-12-28,00,Deutschland,ERWACHSENE,1326,2379,790,415
2021-01-15,00,Deutschland,ERWACHSENE,1332,2932,876,302
2021-08-31,00,Deutschland,ERWACHSENE,1311,556,223,139
2021-02-09,00,Deutschland,ERWACHSENE,1333,2130,632,255
2021-07-17,00,Deutschland,ERWACHSENE,1319,229,31,72
2021-11-09,00,Deutschland,ERWACHSENE,1313,1370,612,235
2021-02-03,00,Deutschland,ERWACHSENE,1334,2319,729,283
2021-10-07,00,Deutschland,ERWACHSENE,1314,753,259,198
2021-01-13,00,Deutschland,ERWACHSENE,1334,2966,898,305
2021-08-26,00,Deutschland,ERWACHSENE,1310,426,176,101
2021-03-18,00,Deutschland,ERWACHSENE,1333,1588,556,206
2021-06-02,00,Deutschland,ERWACHSENE,1329,1385,260,281
2021-07-18,00,Deutschland,ERWACHSENE,1319,233,33,74
2021-08-30,00,Deutschland,ERWACHSENE,1311,520,222,132
2021-11-03,00,Deutschland,ERWACHSENE,1316,1169,520,197
2021-12-17,00,Deutschland,ERWACHSENE,1326,2633,987,392
2021-12-24,00,Deutschland,ERWACHSENE,1326,2511,797,415
2021-12-07,00,Deutschland,ERWACHSENE,1325,2690,1100,394
2021-05-13,00,Deutschland,ERWACHSENE,1332,2653,703,411
2021-09-02,00,Deutschland,ERWACHSENE,1315,595,245,149
2021-01-23,00,Deutschland,ERWACHSENE,1334,2611,799,278
2021-10-29,00,Deutschland,ERWACHSENE,1308,962,437,186
2021-09-01,00,Deutschland,ERWACHSENE,1313,579,229,147
2021-02-18,00,Deutschland,ERWACHSENE,1332,1805,498,222
2021-04-17,00,Deutschland,ERWACHSENE,1330,2688,963,369
2021-02-06,00,Deutschland,ERWACHSENE,1334,2221,669,271
2021-06-15,00,Deutschland,ERWACHSENE,1326,823,120,215
2021-03-01,00,Deutschland,ERWACHSENE,1333,1642,453,199
2021-10-16,00,Deutschland,ERWACHSENE,1311,778,255,180
2021-06-22,00,Deutschland,ERWACHSENE,1323,600,68,171
2021-08-10,00,Deutschland,ERWACHSENE,1313,216,87,49
2021-08-02,00,Deutschland,ERWACHSENE,1314,184,61,40
2021-09-23,00,Deutschland,ERWACHSENE,1316,831,272,209
2021-08-15,00,Deutschland,ERWACHSENE,1312,240,106,56
2021-03-17,00,Deutschland,ERWACHSENE,1333,1571,539,210
2021-03-13,00,Deutschland,ERWACHSENE,1333,1541,495,218
2021-10-04,00,Deutschland,ERWACHSENE,1313,793,219,205
2021-04-09,00,Deutschland,ERWACHSENE,1333,2549,916,340
2021-06-20,00,Deutschland,ERWACHSENE,1325,637,80,183
2021-11-08,00,Deutschland,ERWACHSENE,1313,1309,579,231
2021-06-29,00,Deutschland,ERWACHSENE,1324,452,39,136
2021-01-02,00,Deutschland,ERWACHSENE,1340,3128,1093,274
2021-07-28,00,Deutschland,ERWACHSENE,1310,190,51,44
2021-01-27,00,Deutschland,ERWACHSENE,1331,2500,794,274
2021-08-24,00,Deutschland,ERWACHSENE,1309,380,167,90
2021-11-30,00,Deutschland,ERWACHSENE,1324,2377,1101,346
2021-02-05,00,Deutschland,ERWACHSENE,1334,2266,695,269
2021-06-04,00,Deutschland,ERWACHSENE,1327,1294,224,271
2021-05-18,00,Deutschland,ERWACHSENE,1333,2430,587,401
2021-09-12,00,Deutschland,ERWACHSENE,1314,756,309,179
2021-03-20,00,Deutschland,ERWACHSENE,1333,1593,582,196
2021-05-27,00,Deutschland,ERWACHSENE,1329,1827,389,333
2021-07-05,00,Deutschland,ERWACHSENE,1324,353,34,104
2021-10-17,00,Deutschland,ERWACHSENE,1310,792,269,178
2021-12-08,00,Deutschland,ERWACHSENE,1325,2708,1059,388
2021-02-10,00,Deutschland,ERWACHSENE,1334,2096,629,252
2021-10-31,00,Deutschland,ERWACHSENE,1309,1011,475,186
2021-05-17,00,Deutschland,ERWACHSENE,1332,2488,621,409
2021-06-06,00,Deutschland,ERWACHSENE,1327,1192,213,267
2021-12-16,00,Deutschland,ERWACHSENE,1326,2647,1018,400
2021-07-08,00,Deutschland,ERWACHSENE,1323,294,29,93
2021-01-20,00,Deutschland,ERWACHSENE,1334,2777,791,281
2021-05-19,00,Deutschland,ERWACHSENE,1330,2351,571,393
2021-04-21,00,Deutschland,ERWACHSENE,1332,2772,1058,375
2021-01-26,00,Deutschland,ERWACHSENE,1334,2544,805,274
2021-01-29,00,Deutschland,ERWACHSENE,1333,2410,770,278
2021-09-20,00,Deutschland,ERWACHSENE,1315,828,290,201
2021-06-21,00,Deutschland,ERWACHSENE,1323,611,74,171
2021-03-12,00,Deutschland,ERWACHSENE,1333,1557,501,219
2021-10-24,00,Deutschland,ERWACHSENE,1310,893,319,185
2021-12-05,00,Deutschland,ERWACHSENE,1324,2564,1130,374
2021-10-22,00,Deutschland,ERWACHSENE,1312,861,299,182
2021-10-05,00,Deutschland,ERWACHSENE,1315,787,228,204
2021-01-06,00,Deutschland,ERWACHSENE,1339,3118,1047,317
2021-06-03,00,Deutschland,ERWACHSENE,1329,1322,237,271
2021-08-20,00,Deutschland,ERWACHSENE,1309,311,132,63
2021-05-15,00,Deutschland,ERWACHSENE,1332,2588,638,406
2021-07-10,00,Deutschland,ERWACHSENE,1320,280,26,87
2021-07-16,00,Deutschland,ERWACHSENE,1317,238,29,75
2021-03-02,00,Deutschland,ERWACHSENE,1335,1615,450,197
2021-07-20,00,Deutschland,ERWACHSENE,1318,211,33,70
2021-07-31,00,Deutschland,ERWACHSENE,1311,181,57,40
2021-07-30,00,Deutschland,ERWACHSENE,1310,182,48,43
2021-04-12,00,Deutschland,ERWACHSENE,1332,2660,946,347
2021-12-18,00,Deutschland,ERWACHSENE,1325,2655,972,402
2021-06-01,00,Deutschland,ERWACHSENE,1330,1475,275,296
2021-03-09,00,Deutschland,ERWACHSENE,1332,1571,485,208
2021-08-05,00,Deutschland,ERWACHSENE,1314,204,66,43
2021-09-21,00,Deutschland,ERWACHSENE,1316,821,282,203
2021-03-10,00,Deutschland,ERWACHSENE,1333,1569,500,214
2021-02-28,00,Deutschland,ERWACHSENE,1332,1657,468,201
2021-06-16,00,Deutschland,ERWACHSENE,1326,783,102,205
2021-05-29,00,Deutschland,ERWACHSENE,1330,1689,324,316
2021-10-09,00,Deutschland,ERWACHSENE,1313,728,243,196
2021-11-12,00,Deutschland,ERWACHSENE,1318,1470,667,238
2021-02-12,00,Deutschland,ERWACHSENE,1335,2019,554,243
2021-01-11,00,Deutschland,ERWACHSENE,1335,2999,965,307
2021-08-19,00,Deutschland,ERWACHSENE,1310,292,128,64
2021-07-09,00,Deutschland,ERWACHSENE,1322,291,27,93
2021-07-19,00,Deutschland,ERWACHSENE,1318,222,32,71
2021-03-07,00,Deutschland,ERWACHSENE,1332,1583,495,205
2021-10-23,00,Deutschland,ERWACHSENE,1313,874,322,181
2021-04-23,00,Deutschland,ERWACHSENE,1332,2850,1051,396
2021-03-24,00,Deutschland,ERWACHSENE,1333,1731,678,222
2021-11-26,00,Deutschland,ERWACHSENE,1323,2213,1047,311
2021-07-11,00,Deutschland,ERWACHSENE,1318,266,29,84
2021-10-18,00,Deutschland,ERWACHSENE,1310,792,279,178
2021-02-22,00,Deutschland,ERWACHSENE,1332,1779,454,221
2021-09-18,00,Deutschland,ERWACHSENE,1314,828,300,193
2021-10-25,00,Deutschland,ERWACHSENE,1314,902,338,192
2021-06-24,00,Deutschland,ERWACHSENE,1323,552,52,159
2021-01-22,00,Deutschland,ERWACHSENE,1334,2687,804,282
2021-03-31,00,Deutschland,ERWACHSENE,1333,2024,761,271
2021-06-19,00,Deutschland,ERWACHSENE,1325,663,90,186
2021-09-17,00,Deutschland,ERWACHSENE,1313,831,308,194
2021-07-03,00,Deutschland,ERWACHSENE,1324,367,35,113
2021-09-26,00,Deutschland,ERWACHSENE,1313,821,266,208
2021-11-02,00,Deutschland,ERWACHSENE,1314,1119,485,191
2021-04-08,00,Deutschland,ERWACHSENE,1333,2533,917,333
2021-01-18,00,Deutschland,ERWACHSENE,1334,2866,861,295
2021-09-30,00,Deutschland,ERWACHSENE,1316,779,252,207
2021-06-26,00,Deutschland,ERWACHSENE,1323,493,47,150
2021-09-07,00,Deutschland,ERWACHSENE,1315,697,293,161
2021-01-24,00,Deutschland,ERWACHSENE,1334,2618,782,265
2021-11-22,00,Deutschland,ERWACHSENE,1323,1964,907,285
2021-12-09,00,Deutschland,ERWACHSENE,1323,2722,1055,385
2021-04-10,00,Deutschland,ERWACHSENE,1333,2534,905,338
2021-08-12,00,Deutschland,ERWACHSENE,1311,231,84,52
2021-12-22,00,Deutschland,ERWACHSENE,1326,2604,844,417
2021-05-30,00,Deutschland,ERWACHSENE,1328,1654,310,306
2021-07-07,00,Deutschland,ERWACHSENE,1324,298,35,92
2021-09-08,00,Deutschland,ERWACHSENE,1314,721,300,167
2021-09-09,00,Deutschland,ERWACHSENE,1312,731,284,159
2021-10-28,00,Deutschland,ERWACHSENE,1312,925,416,182
2021-12-11,00,Deutschland,ERWACHSENE,1323,2698,1072,391
2021-05-06,00,Deutschland,ERWACHSENE,1333,2833,898,431
2021-11-13,00,Deutschland,ERWACHSENE,1320,1492,686,237
2021-04-15,00,Deutschland,ERWACHSENE,1331,2663,958,353
2021-09-25,00,Deutschland,ERWACHSENE,1314,823,265,212
2021-07-15,00,Deutschland,ERWACHSENE,1319,251,29,79
2021-01-19,00,Deutschland,ERWACHSENE,1334,2859,806,288
2021-03-06,00,Deutschland,ERWACHSENE,1331,1575,479,199
2021-11-07,00,Deutschland,ERWACHSENE,1314,1281,593,224
2021-01-04,00,Deutschland,ERWACHSENE,1338,3208,1087,301
2021-06-18,00,Deutschland,ERWACHSENE,1325,704,85,194
2021-01-01,00,Deutschland,ERWACHSENE,1339,3110,1045,261
2021-11-20,00,Deutschland,ERWACHSENE,1323,1807,845,276
2021-03-15,00,Deutschland,ERWACHSENE,1333,1609,514,218
2021-04-01,00,Deutschland,ERWACHSENE,1333,2073,788,272
2021-04-22,00,Deutschland,ERWACHSENE,1332,2839,1049,385
2021-07-12,00,Deutschland,ERWACHSENE,1321,276,32,84
2021-04-20,00,Deutschland,ERWACHSENE,1331,2750,1044,368
2021-11-19,00,Deutschland,ERWACHSENE,1323,1749,845,271
2021-03-16,00,Deutschland,ERWACHSENE,1333,1602,499,212
2021-06-07,00,Deutschland,ERWACHSENE,1326,1147,189,256
2021-05-12,00,Deutschland,ERWACHSENE,1333,2676,738,411
2021-08-13,00,Deutschland,ERWACHSENE,1312,236,90,53
2021-02-26,00,Deutschland,ERWACHSENE,1334,1679,440,215
2021-11-27,00,Deutschland,ERWACHSENE,1322,2238,1035,323
2021-12-12,00,Deutschland,ERWACHSENE,1323,2718,1063,402
2021-01-12,00,Deutschland,ERWACHSENE,1335,2994,943,300
2021-08-03,00,Deutschland,ERWACHSENE,1316,193,60,42
2021-04-25,00,Deutschland,ERWACHSENE,1332,2872,1042,409
2021-05-20,00,Deutschland,ERWACHSENE,1331,2278,532,386
2021-06-13,00,Deutschland,ERWACHSENE,1325,919,117,225
2021-10-15,00,Deutschland,ERWACHSENE,1310,773,268,184
2021-05-09,00,Deutschland,ERWACHSENE,1333,2792,825,427
2021-10-11,00,Deutschland,ERWACHSENE,1312,761,248,192
2021-07-27,00,Deutschland,ERWACHSENE,1310,198,52,46
2021-11-11,00,Deutschland,ERWACHSENE,1317,1438,655,237
2021-10-30,00,Deutschland,ERWACHSENE,1309,987,447,186
2021-10-26,00,Deutschland,ERWACHSENE,1313,882,359,185
2021-07-22,00,Deutschland,ERWACHSENE,1313,197,44,58
2021-03-03,00,Deutschland,ERWACHSENE,1333,1628,444,200
2021-05-23,00,Deutschland,ERWACHSENE,1331,2075,511,357
2021-04-13,00,Deutschland,ERWACHSENE,1332,2664,946,342
2021-01-16,00,Deutschland,ERWACHSENE,1334,2862,877,296
2021-03-19,00,Deutschland,ERWACHSENE,1333,1595,561,199
2021-09-14,00,Deutschland,ERWACHSENE,1315,782,337,180
2021-10-02,00,Deutschland,ERWACHSENE,1312,789,219,201
2021-05-24,00,Deutschland,ERWACHSENE,1331,2031,510,350
2021-04-24,00,Deutschland,ERWACHSENE,1332,2877,1038,400
2021-04-05,00,Deutschland,ERWACHSENE,1328,2327,874,293
2021-01-21,00,Deutschland,ERWACHSENE,1334,2728,804,284
2021-06-25,00,Deutschland,ERWACHSENE,1323,517,50,155
2021-10-01,00,Deutschland,ERWACHSENE,1313,783,239,203
2021-06-30,00,Deutschland,ERWACHSENE,1324,427,35,125
2021-02-24,00,Deutschland,ERWACHSENE,1333,1744,433,220
2021-09-06,00,Deutschland,ERWACHSENE,1315,663,284,161
2021-05-02,00,Deutschland,ERWACHSENE,1332,2949,990,439
2021-12-15,00,Deutschland,ERWACHSENE,1326,2694,1059,404
2021-12-26,00,Deutschland,ERWACHSENE,1326,2464,810,423
2021-02-01,00,Deutschland,ERWACHSENE,1334,2352,748,273
2021-08-16,00,Deutschland,ERWACHSENE,1311,254,114,55
2021-09-04,00,Deutschland,ERWACHSENE,1314,623,269,152
2021-05-11,00,Deutschland,ERWACHSENE,1333,2717,764,418
2021-05-28,00,Deutschland,ERWACHSENE,1330,1736,344,323
2021-01-17,00,Deutschland,ERWACHSENE,1334,2831,895,298
2021-11-21,00,Deutschland,ERWACHSENE,1323,1873,881,284
2021-05-14,00,Deutschland,ERWACHSENE,1332,2633,666,403
2021-02-11,00,Deutschland,ERWACHSENE,1335,2054,607,255
2021-05-31,00,Deutschland,ERWACHSENE,1330,1575,310,301
2021-12-13,00,Deutschland,ERWACHSENE,1324,2725,1099,392
2021-02-15,00,Deutschland,ERWACHSENE,1333,1934,533,236
2021-04-28,00,Deutschland,ERWACHSENE,1331,2873,1055,424
2021-05-03,00,Deutschland,ERWACHSENE,1332,2934,982,449
2021-08-11,00,Deutschland,ERWACHSENE,1313,219,90,51
2021-08-25,00,Deutschland,ERWACHSENE,1310,397,176,96
2021-07-23,00,Deutschland,ERWACHSENE,1309,197,46,51
2021-05-26,00,Deutschland,ERWACHSENE,1330,1890,438,342
2021-07-13,00,Deutschland,ERWACHSENE,1317,262,31,79
2021-11-29,00,Deutschland,ERWACHSENE,1322,2351,1097,343
2021-02-23,00,Deutschland,ERWACHSENE,1333,1767,446,217
2021-10-06,00,Deutschland,ERWACHSENE,1315,780,235,200
2021-01-10,00,Deutschland,ERWACHSENE,1336,3044,991,311
2021-12-14,00,Deutschland,ERWACHSENE,1326,2714,1097,397
2021-10-08,00,Deutschland,ERWACHSENE,1313,745,234,197
2021-03-25,00,Deutschland,ERWACHSENE,1332,1759,673,230
2021-12-03,00,Deutschland,ERWACHSENE,1323,2555,1106,358
2021-06-12,00,Deutschland,ERWACHSENE,1326,912,122,231
2021-10-19,00,Deutschland,ERWACHSENE,1311,797,279,175
2021-10-21,00,Deutschland,ERWACHSENE,1312,844,290,185
2021-07-25,00,Deutschland,ERWACHSENE,1309,196,50,46
2021-07-01,00,Deutschland,ERWACHSENE,1325,411,32,122
2021-09-24,00,Deutschland,ERWACHSENE,1316,824,260,211
2021-08-04,00,Deutschland,ERWACHSENE,1316,196,73,42
2021-02-14,00,Deutschland,ERWACHSENE,1333,1921,538,231
2021-10-14,00,Deutschland,ERWACHSENE,1312,764,265,186
2021-05-16,00,Deutschland,ERWACHSENE,1332,2524,630,408
2021-05-25,00,Deutschland,ERWACHSENE,1330,1980,495,348
2021-02-08,00,Deutschland,ERWACHSENE,1333,2202,650,262
2021-11-28,00,Deutschland,ERWACHSENE,1322,2287,1046,332
2021-12-25,00,Deutschland,ERWACHSENE,1326,2502,802,426
2021-01-03,00,Deutschland,ERWACHSENE,1340,3170,1091,288
2021-02-17,00,Deutschland,ERWACHSENE,1332,1840,502,222
2021-07-04,00,Deutschland,ERWACHSENE,1324,360,35,108
2021-10-27,00,Deutschland,ERWACHSENE,1313,917,401,188
2021-03-29,00,Deutschland,ERWACHSENE,1333,1960,729,258
2021-10-13,00,Deutschland,ERWACHSENE,1313,772,258,188
2021-04-06,00,Deutschland,ERWACHSENE,1332,2396,921,297
2021-05-21,00,Deutschland,ERWACHSENE,1330,2193,538,369
2021-11-01,00,Deutschland,ERWACHSENE,1311,1060,465,191
2021-04-27,00,Deutschland,ERWACHSENE,1331,2872,1074,419
2021-11-16,00,Deutschland,ERWACHSENE,1322,1667,787,265
2021-04-30,00,Deutschland,ERWACHSENE,1333,2917,998,433
2021-11-05,00,Deutschland,ERWACHSENE,1315,1258,541,216
2021-12-23,00,Deutschland,ERWACHSENE,1327,2581,812,415
2021-11-06,00,Deutschland,ERWACHSENE,1314,1255,581,217
2021-11-24,00,Deutschland,ERWACHSENE,1324,2117,975,284
2021-02-16,00,Deutschland,ERWACHSENE,1333,1909,508,229
2021-05-07,00,Deutschland,ERWACHSENE,1333,2820,851,444
2021-08-06,00,Deutschland,ERWACHSENE,1313,206,71,46
2021-08-14,00,Deutschland,ERWACHSENE,1313,234,96,57
2021-02-25,00,Deutschland,ERWACHSENE,1334,1704,428,218
2021-09-13,00,Deutschland,ERWACHSENE,1315,784,306,180
2021-11-25,00,Deutschland,ERWACHSENE,1322,2158,1017,294
2021-06-05,00,Deutschland,ERWACHSENE,1327,1235,218,267
2021-11-17,00,Deutschland,ERWACHSENE,1322,1706,809,269
2021-07-02,00,Deutschland,ERWACHSENE,1324,388,35,116
2021-12-04,00,Deutschland,ERWACHSENE,1324,2553,1142,358
2021-02-02,00,Deutschland,ERWACHSENE,1334,2356,733,281
2021-03-11,00,Deutschland,ERWACHSENE,1333,1554,499,214
2021-12-19,00,Deutschland,ERWACHSENE,1326,2631,973,407
